grid_lat,grid_lon,n_species_baseline,n_species_recent,richness_change,richness_ratio,climate_departure
27.75,-18.0,0.0,1.0,1.0,,0.05
27.75,-15.75,0.0,1.0,1.0,,0.05
28.0,-17.25,0.0,1.0,1.0,,0.05
28.0,-17.0,0.0,1.0,1.0,,0.05
28.0,-16.75,0.0,1.0,1.0,,0.05
28.0,-16.5,0.0,1.0,1.0,,0.05
28.0,-15.75,0.0,1.0,1.0,,0.05
28.0,-15.5,1.0,1.0,0.0,1.0,0.05
28.25,-17.25,0.0,1.0,1.0,,0.05
28.25,-17.0,0.0,1.0,1.0,,0.05
28.25,-16.75,0.0,2.0,2.0,,0.05
28.25,-16.5,0.0,2.0,2.0,,0.05
28.25,-16.25,0.0,1.0,1.0,,0.05
28.5,-18.0,0.0,1.0,1.0,,0.05
28.5,-17.75,0.0,2.0,2.0,,0.05
28.5,-16.75,0.0,2.0,2.0,,0.05
28.5,-16.5,0.0,2.0,2.0,,0.05
28.5,-16.25,0.0,2.0,2.0,,0.05
28.75,-18.0,0.0,2.0,2.0,,0.05
28.75,-17.75,0.0,2.0,2.0,,0.05
29.0,-13.75,0.0,1.0,1.0,,0.05
29.25,-13.5,0.0,1.0,1.0,,0.05
32.75,-17.25,0.0,2.0,2.0,,0.05
32.75,-17.0,2.0,2.0,0.0,1.0,0.05
32.75,-16.75,0.0,2.0,2.0,,0.05
33.0,-16.25,0.0,1.0,1.0,,0.05
36.0,-5.75,0.0,1.0,1.0,,0.02666666666666667
36.0,-5.5,1.0,2.0,1.0,2.0,0.02666666666666667
36.0,-5.25,0.0,1.0,1.0,,0.01
36.25,-6.25,0.0,1.0,1.0,,0.006666666666666667
36.25,-5.5,0.0,2.0,2.0,,0.016666666666666666
36.25,-5.25,0.0,2.0,2.0,,0.016666666666666666
36.5,-6.25,0.0,2.0,2.0,,0.016666666666666666
36.5,-6.0,0.0,2.0,2.0,,0.016666666666666666
36.5,-5.75,1.0,1.0,0.0,1.0,0.03333333333333333
36.5,-5.5,0.0,2.0,2.0,,0.04
36.5,-5.25,1.0,2.0,1.0,2.0,0.03666666666666667
36.5,-5.0,0.0,1.0,1.0,,0.03666666666666667
36.5,-4.75,1.0,2.0,1.0,2.0,0.04666666666666667
36.5,-4.5,0.0,2.0,2.0,,0.05
36.75,-6.5,0.0,1.0,1.0,,0.02
36.75,-6.25,2.0,1.0,-1.0,0.5,0.016666666666666666
36.75,-6.0,0.0,1.0,1.0,,0.03
36.75,-5.75,0.0,1.0,1.0,,0.03
36.75,-5.5,0.0,2.0,2.0,,0.03666666666666667
36.75,-5.25,1.0,2.0,1.0,2.0,0.05
36.75,-5.0,0.0,4.0,4.0,,0.08666666666666667
36.75,-4.75,3.0,2.0,-1.0,0.6666666666666666,0.11333333333333333
36.75,-4.5,1.0,3.0,2.0,3.0,0.09333333333333334
36.75,-4.25,0.0,1.0,1.0,,0.05
36.75,-4.0,0.0,2.0,2.0,,0.03666666666666667
36.75,-3.75,0.0,1.0,1.0,,0.04666666666666667
36.75,-3.5,0.0,1.0,1.0,,0.056666666666666664
36.75,-3.0,0.0,2.0,2.0,,0.05
36.75,-2.75,0.0,2.0,2.0,,0.05
36.75,-2.5,0.0,1.0,1.0,,0.043333333333333335
36.75,-2.25,0.0,1.0,1.0,,0.043333333333333335
36.75,-2.0,0.0,1.0,1.0,,0.05333333333333334
37.0,-25.0,0.0,1.0,1.0,,0.03666666666666667
37.0,-9.0,0.0,1.0,1.0,,0.013333333333333334
37.0,-8.75,0.0,4.0,4.0,,0.02
37.0,-8.5,0.0,2.0,2.0,,0.03333333333333333
37.0,-8.25,1.0,1.0,0.0,1.0,0.05
37.0,-8.0,0.0,1.0,1.0,,0.04
37.0,-7.75,0.0,1.0,1.0,,0.04
37.0,-7.5,0.0,1.0,1.0,,0.03666666666666667
37.0,-6.75,0.0,1.0,1.0,,0.016666666666666666
37.0,-6.5,1.0,1.0,0.0,1.0,0.016666666666666666
37.0,-5.5,0.0,1.0,1.0,,0.05
37.0,-5.0,0.0,1.0,1.0,,0.07
37.0,-4.75,0.0,1.0,1.0,,0.08333333333333333
37.0,-4.5,0.0,1.0,1.0,,0.09333333333333334
37.0,-4.0,2.0,1.0,-1.0,0.5,0.11
37.0,-3.75,0.0,2.0,2.0,,0.14666666666666667
37.0,-3.5,4.0,8.0,4.0,2.0,0.15333333333333332
37.0,-3.25,1.0,6.0,5.0,6.0,0.14333333333333334
37.0,-3.0,4.0,8.0,4.0,2.0,0.13333333333333333
37.0,-2.75,0.0,5.0,5.0,,0.12333333333333334
37.25,-9.0,0.0,4.0,4.0,,0.01
37.25,-8.75,0.0,5.0,5.0,,0.023333333333333334
37.25,-8.5,3.0,5.0,2.0,1.6666666666666667,0.02666666666666667
37.25,-8.25,2.0,2.0,0.0,1.0,0.03
37.25,-8.0,0.0,3.0,3.0,,0.03
37.25,-7.75,1.0,2.0,1.0,2.0,0.043333333333333335
37.25,-7.5,1.0,2.0,1.0,2.0,0.04
37.25,-7.25,0.0,1.0,1.0,,0.04
37.25,-7.0,1.0,1.0,0.0,1.0,0.013333333333333334
37.25,-6.75,0.0,1.0,1.0,,0.013333333333333334
37.25,-6.5,0.0,1.0,1.0,,0.02
37.25,-6.25,0.0,1.0,1.0,,0.03666666666666667
37.25,-6.0,1.0,2.0,1.0,2.0,0.05
37.25,-5.5,0.0,1.0,1.0,,0.06666666666666667
37.25,-5.25,0.0,1.0,1.0,,0.07333333333333333
37.25,-4.5,0.0,1.0,1.0,,0.07333333333333333
37.25,-4.25,0.0,1.0,1.0,,0.09
37.25,-4.0,1.0,0.0,-1.0,0.0,0.12
37.25,-3.75,0.0,1.0,1.0,,0.15333333333333332
37.25,-3.5,1.0,4.0,3.0,4.0,0.16
37.25,-3.25,1.0,6.0,5.0,6.0,0.15333333333333332
37.25,-3.0,2.0,2.0,0.0,1.0,0.16
37.25,-2.75,0.0,1.0,1.0,,0.14
37.25,-2.5,1.0,2.0,1.0,2.0,0.13666666666666666
37.25,-2.25,1.0,0.0,-1.0,0.0,0.10333333333333333
37.5,-8.75,0.0,3.0,3.0,,0.023333333333333334
37.5,-8.5,0.0,1.0,1.0,,0.023333333333333334
37.5,-8.0,0.0,1.0,1.0,,0.02666666666666667
37.5,-6.75,0.0,1.0,1.0,,0.03
37.5,-6.25,0.0,1.0,1.0,,0.03666666666666667
37.5,-6.0,0.0,1.0,1.0,,0.043333333333333335
37.5,-5.5,1.0,0.0,-1.0,0.0,0.06666666666666667
37.5,-4.5,0.0,1.0,1.0,,0.08333333333333333
37.5,-4.0,0.0,1.0,1.0,,0.10333333333333333
37.5,-3.25,0.0,1.0,1.0,,0.15666666666666668
37.5,-2.75,0.0,1.0,1.0,,0.13333333333333333
37.5,-2.5,0.0,2.0,2.0,,0.13666666666666666
37.5,-2.25,0.0,1.0,1.0,,0.13
37.5,-1.75,0.0,1.0,1.0,,0.08333333333333333
37.5,-1.5,0.0,1.0,1.0,,0.06
37.5,-1.25,0.0,1.0,1.0,,0.056666666666666664
37.5,-1.0,1.0,0.0,-1.0,0.0,0.06
37.75,-25.75,1.0,2.0,1.0,2.0,0.04666666666666667
37.75,-25.5,0.0,2.0,2.0,,0.04666666666666667
37.75,-25.25,1.0,2.0,1.0,2.0,0.04666666666666667
37.75,-8.75,5.0,4.0,-1.0,0.8,0.013333333333333334
37.75,-8.5,0.0,2.0,2.0,,0.016666666666666666
37.75,-7.75,0.0,1.0,1.0,,0.02666666666666667
37.75,-7.5,0.0,1.0,1.0,,0.02666666666666667
37.75,-6.75,2.0,1.0,-1.0,0.5,0.04666666666666667
37.75,-6.5,0.0,2.0,2.0,,0.04
37.75,-6.0,0.0,1.0,1.0,,0.043333333333333335
37.75,-5.5,0.0,1.0,1.0,,0.06333333333333334
37.75,-5.25,0.0,1.0,1.0,,0.07
37.75,-4.75,0.0,1.0,1.0,,0.11
37.75,-3.75,1.0,1.0,0.0,1.0,0.13333333333333333
37.75,-3.5,0.0,1.0,1.0,,0.13333333333333333
37.75,-3.0,4.0,4.0,0.0,1.0,0.16
37.75,-2.75,0.0,1.0,1.0,,0.16
37.75,-2.25,0.0,2.0,2.0,,0.13333333333333333
37.75,-2.0,0.0,1.0,1.0,,0.12333333333333334
37.75,-1.75,0.0,1.0,1.0,,0.09666666666666666
37.75,-1.5,0.0,1.0,1.0,,0.07666666666666666
37.75,-1.0,0.0,1.0,1.0,,0.06
38.0,-25.75,0.0,2.0,2.0,,0.05
38.0,-9.0,1.0,0.0,-1.0,0.0,0.006666666666666667
38.0,-8.75,0.0,2.0,2.0,,0.01
38.0,-8.0,0.0,1.0,1.0,,0.023333333333333334
38.0,-7.5,1.0,1.0,0.0,1.0,0.02666666666666667
38.0,-7.25,0.0,2.0,2.0,,0.03333333333333333
38.0,-6.75,1.0,1.0,0.0,1.0,0.03666666666666667
38.0,-6.5,0.0,2.0,2.0,,0.043333333333333335
38.0,-6.25,1.0,1.0,0.0,1.0,0.05
38.0,-5.75,0.0,2.0,2.0,,0.05
38.0,-5.5,0.0,2.0,2.0,,0.06333333333333334
38.0,-5.25,0.0,0.0,0.0,,0.07666666666666666
38.0,-5.0,1.0,1.0,0.0,1.0,0.08333333333333333
38.0,-4.75,0.0,3.0,3.0,,0.08666666666666667
38.0,-4.25,0.0,1.0,1.0,,0.12
38.0,-4.0,0.0,1.0,1.0,,0.12666666666666668
38.0,-3.75,1.0,0.0,-1.0,0.0,0.13333333333333333
38.0,-3.5,1.0,0.0,-1.0,0.0,0.13333333333333333
38.0,-3.25,1.0,1.0,0.0,1.0,0.13666666666666666
38.0,-3.0,5.0,6.0,1.0,1.2,0.14
38.0,-2.75,2.0,5.0,3.0,2.5,0.12666666666666668
38.0,-2.5,1.0,2.0,1.0,2.0,0.12
38.0,-2.25,0.0,4.0,4.0,,0.13333333333333333
38.0,-1.75,0.0,1.0,1.0,,0.12333333333333334
38.0,-1.5,3.0,1.0,-2.0,0.3333333333333333,0.09666666666666666
38.0,-1.25,0.0,1.0,1.0,,0.07
38.0,-1.0,1.0,1.0,0.0,1.0,0.06666666666666667
38.0,-0.75,0.0,1.0,1.0,,0.056666666666666664
38.25,-28.0,0.0,1.0,1.0,,0.05
38.25,-8.75,0.0,1.0,1.0,,0.023333333333333334
38.25,-8.25,0.0,1.0,1.0,,0.016666666666666666
38.25,-7.5,0.0,1.0,1.0,,0.023333333333333334
38.25,-6.75,1.0,0.0,-1.0,0.0,0.03333333333333333
38.25,-5.25,0.0,1.0,1.0,,0.07
38.25,-5.0,1.0,0.0,-1.0,0.0,0.07666666666666666
38.25,-4.5,0.0,2.0,2.0,,0.11333333333333333
38.25,-4.0,0.0,1.0,1.0,,0.10333333333333333
38.25,-3.5,1.0,0.0,-1.0,0.0,0.12666666666666668
38.25,-2.75,0.0,1.0,1.0,,0.13333333333333333
38.25,-2.5,0.0,2.0,2.0,,0.12
38.25,-2.25,0.0,2.0,2.0,,0.13
38.25,-2.0,0.0,3.0,3.0,,0.13333333333333333
38.25,-1.25,1.0,1.0,0.0,1.0,0.09666666666666666
38.25,-1.0,1.0,1.0,0.0,1.0,0.07666666666666666
38.25,-0.5,0.0,1.0,1.0,,0.05333333333333334
38.5,-28.75,0.0,3.0,3.0,,0.05
38.5,-28.5,0.0,2.0,2.0,,0.05
38.5,-28.25,0.0,3.0,3.0,,0.05
38.5,-28.0,0.0,2.0,2.0,,0.05
38.5,-27.75,0.0,1.0,1.0,,0.05
38.5,-9.25,2.0,5.0,3.0,2.5,0.023333333333333334
38.5,-9.0,1.0,5.0,4.0,5.0,0.02
38.5,-8.75,0.0,1.0,1.0,,0.02
38.5,-8.25,0.0,1.0,1.0,,0.013333333333333334
38.5,-8.0,0.0,1.0,1.0,,0.01
38.5,-7.5,1.0,0.0,-1.0,0.0,0.013333333333333334
38.5,-7.0,0.0,1.0,1.0,,0.03
38.5,-6.75,0.0,1.0,1.0,,0.03
38.5,-6.5,0.0,1.0,1.0,,0.03333333333333333
38.5,-5.0,0.0,1.0,1.0,,0.07666666666666666
38.5,-4.5,0.0,2.0,2.0,,0.09
38.5,-4.25,0.0,3.0,3.0,,0.09666666666666666
38.5,-4.0,0.0,1.0,1.0,,0.1
38.5,-3.75,2.0,0.0,-2.0,0.0,0.11
38.5,-3.5,0.0,1.0,1.0,,0.13
38.5,-3.25,0.0,1.0,1.0,,0.13
38.5,-2.5,0.0,4.0,4.0,,0.14333333333333334
38.5,-2.25,3.0,3.0,0.0,1.0,0.13666666666666666
38.5,-1.0,1.0,1.0,0.0,1.0,0.09666666666666666
38.5,-0.75,1.0,2.0,1.0,2.0,0.1
38.5,-0.5,2.0,2.0,0.0,1.0,0.09
38.5,-0.25,0.0,2.0,2.0,,0.08666666666666667
38.5,-0.0,1.0,2.0,1.0,2.0,0.07
38.75,-28.75,0.0,1.0,1.0,,0.04666666666666667
38.75,-28.25,1.0,2.0,1.0,2.0,0.04666666666666667
38.75,-28.0,0.0,1.0,1.0,,0.04666666666666667
38.75,-27.25,1.0,2.0,1.0,2.0,0.04666666666666667
38.75,-27.0,0.0,2.0,2.0,,0.04666666666666667
38.75,-9.5,4.0,6.0,2.0,1.5,0.023333333333333334
38.75,-9.25,4.0,7.0,3.0,1.75,0.013333333333333334
38.75,-9.0,1.0,4.0,3.0,4.0,0.013333333333333334
38.75,-8.5,0.0,1.0,1.0,,0.01
38.75,-8.25,1.0,1.0,0.0,1.0,0.01
38.75,-8.0,0.0,1.0,1.0,,0.01
38.75,-7.0,0.0,1.0,1.0,,0.023333333333333334
38.75,-6.75,0.0,0.0,0.0,,0.023333333333333334
38.75,-4.5,0.0,1.0,1.0,,0.08333333333333333
38.75,-4.25,1.0,2.0,1.0,2.0,0.09
38.75,-4.0,0.0,2.0,2.0,,0.09
38.75,-3.5,1.0,0.0,-1.0,0.0,0.12
38.75,-2.5,0.0,1.0,1.0,,0.13
38.75,-2.25,0.0,2.0,2.0,,0.12333333333333334
38.75,-1.5,0.0,1.0,1.0,,0.09333333333333334
38.75,-1.25,0.0,1.0,1.0,,0.09666666666666666
38.75,-1.0,0.0,1.0,1.0,,0.10666666666666667
38.75,-0.75,0.0,3.0,3.0,,0.12333333333333334
38.75,-0.5,0.0,2.0,2.0,,0.13666666666666666
38.75,-0.25,1.0,2.0,1.0,2.0,0.10666666666666667
38.75,-0.0,1.0,1.0,0.0,1.0,0.08666666666666667
38.75,0.25,0.0,2.0,2.0,,0.05
39.0,-28.0,0.0,2.0,2.0,,0.05
39.0,-9.5,0.0,4.0,4.0,,0.03333333333333333
39.0,-9.25,1.0,5.0,4.0,5.0,0.02
39.0,-9.0,0.0,1.0,1.0,,0.013333333333333334
39.0,-8.75,0.0,1.0,1.0,,0.013333333333333334
39.0,-8.25,0.0,1.0,1.0,,0.01
39.0,-8.0,0.0,1.0,1.0,,0.01
39.0,-7.75,0.0,1.0,1.0,,0.01
39.0,-7.5,1.0,0.0,-1.0,0.0,0.01
39.0,-7.0,0.0,1.0,1.0,,0.016666666666666666
39.0,-6.25,0.0,2.0,2.0,,0.03666666666666667
39.0,-5.5,0.0,1.0,1.0,,0.04666666666666667
39.0,-4.5,0.0,1.0,1.0,,0.07666666666666666
39.0,-4.25,0.0,1.0,1.0,,0.08333333333333333
39.0,-4.0,4.0,1.0,-3.0,0.25,0.08333333333333333
39.0,-3.75,1.0,1.0,0.0,1.0,0.09333333333333334
39.0,-3.5,0.0,1.0,1.0,,0.09333333333333334
39.0,-3.0,0.0,1.0,1.0,,0.12
39.0,-2.75,1.0,1.0,0.0,1.0,0.12333333333333334
39.0,-2.0,0.0,1.0,1.0,,0.10666666666666667
39.0,-1.75,0.0,1.0,1.0,,0.1
39.0,-1.0,0.0,1.0,1.0,,0.12666666666666668
39.0,-0.75,0.0,2.0,2.0,,0.12666666666666668
39.0,-0.5,0.0,1.0,1.0,,0.13
39.0,-0.25,0.0,1.0,1.0,,0.09666666666666666
39.0,1.25,0.0,1.0,1.0,,0.06666666666666667
39.0,1.5,2.0,1.0,-1.0,0.5,0.07
39.25,-9.5,0.0,3.0,3.0,,0.03666666666666667
39.25,-9.25,2.0,5.0,3.0,2.5,0.03
39.25,-9.0,0.0,5.0,5.0,,0.016666666666666666
39.25,-8.75,1.0,3.0,2.0,3.0,0.01
39.25,-8.5,0.0,2.0,2.0,,0.01
39.25,-8.25,2.0,0.0,-2.0,0.0,0.013333333333333334
39.25,-7.5,1.0,3.0,2.0,3.0,0.006666666666666667
39.25,-7.25,0.0,2.0,2.0,,0.006666666666666667
39.25,-6.25,2.0,0.0,-2.0,0.0,0.03666666666666667
39.25,-4.5,0.0,1.0,1.0,,0.06666666666666667
39.25,-4.25,1.0,1.0,0.0,1.0,0.06
39.25,-4.0,0.0,1.0,1.0,,0.06333333333333334
39.25,-3.75,0.0,1.0,1.0,,0.06666666666666667
39.25,-2.5,0.0,1.0,1.0,,0.11666666666666667
39.25,-1.75,0.0,1.0,1.0,,0.06333333333333334
39.25,-1.25,0.0,1.0,1.0,,0.07333333333333333
39.25,-1.0,0.0,2.0,2.0,,0.1
39.25,-0.75,1.0,0.0,-1.0,0.0,0.1
39.25,-0.5,1.0,1.0,0.0,1.0,0.10666666666666667
39.25,-0.25,0.0,1.0,1.0,,0.08333333333333333
39.25,3.0,0.0,1.0,1.0,,0.05
39.25,3.25,0.0,1.0,1.0,,0.03666666666666667
39.5,-31.25,0.0,2.0,2.0,,0.07
39.5,-9.5,0.0,1.0,1.0,,0.05333333333333334
39.5,-9.25,2.0,5.0,3.0,2.5,0.03333333333333333
39.5,-9.0,3.0,4.0,1.0,1.3333333333333333,0.02666666666666667
39.5,-8.75,2.0,5.0,3.0,2.5,0.013333333333333334
39.5,-8.5,3.0,5.0,2.0,1.6666666666666667,0.01
39.5,-8.25,0.0,2.0,2.0,,0.01
39.5,-8.0,0.0,4.0,4.0,,0.01
39.5,-7.75,0.0,1.0,1.0,,0.006666666666666667
39.5,-7.5,0.0,2.0,2.0,,0.006666666666666667
39.5,-7.25,0.0,2.0,2.0,,0.01
39.5,-6.25,0.0,1.0,1.0,,0.02666666666666667
39.5,-6.0,0.0,1.0,1.0,,0.043333333333333335
39.5,-5.75,0.0,1.0,1.0,,0.043333333333333335
39.5,-5.5,2.0,1.0,-1.0,0.5,0.043333333333333335
39.5,-5.25,0.0,1.0,1.0,,0.04666666666666667
39.5,-4.75,0.0,1.0,1.0,,0.05333333333333334
39.5,-4.5,1.0,2.0,1.0,2.0,0.05333333333333334
39.5,-4.25,1.0,1.0,0.0,1.0,0.05333333333333334
39.5,-3.75,1.0,0.0,-1.0,0.0,0.06
39.5,-3.25,0.0,1.0,1.0,,0.06666666666666667
39.5,-2.75,1.0,0.0,-1.0,0.0,0.10333333333333333
39.5,-2.5,0.0,1.0,1.0,,0.13666666666666666
39.5,-2.25,0.0,1.0,1.0,,0.13333333333333333
39.5,-2.0,0.0,2.0,2.0,,0.10666666666666667
39.5,-1.75,0.0,1.0,1.0,,0.056666666666666664
39.5,-1.5,0.0,1.0,1.0,,0.056666666666666664
39.5,-1.0,0.0,2.0,2.0,,0.10333333333333333
39.5,-0.75,1.0,1.0,0.0,1.0,0.12
39.5,-0.5,5.0,2.0,-3.0,0.4,0.09666666666666666
39.5,-0.25,0.0,1.0,1.0,,0.07
39.5,2.5,0.0,1.0,1.0,,0.05333333333333334
39.5,2.75,0.0,1.0,1.0,,0.08
39.5,3.0,1.0,1.0,0.0,1.0,0.07666666666666666
39.5,3.25,0.0,1.0,1.0,,0.06333333333333334
39.5,3.5,0.0,1.0,1.0,,0.04
39.75,-31.0,0.0,1.0,1.0,,0.07666666666666666
39.75,-9.0,0.0,3.0,3.0,,0.03
39.75,-8.75,4.0,5.0,1.0,1.25,0.016666666666666666
39.75,-8.5,1.0,4.0,3.0,4.0,0.01
39.75,-8.25,0.0,3.0,3.0,,0.01
39.75,-8.0,0.0,2.0,2.0,,0.006666666666666667
39.75,-7.75,0.0,2.0,2.0,,0.006666666666666667
39.75,-7.5,0.0,1.0,1.0,,0.006666666666666667
39.75,-7.0,0.0,1.0,1.0,,0.016666666666666666
39.75,-6.25,0.0,1.0,1.0,,0.03
39.75,-6.0,0.0,1.0,1.0,,0.03333333333333333
39.75,-5.75,0.0,1.0,1.0,,0.04666666666666667
39.75,-5.25,1.0,0.0,-1.0,0.0,0.06
39.75,-4.75,0.0,1.0,1.0,,0.056666666666666664
39.75,-4.5,0.0,1.0,1.0,,0.06333333333333334
39.75,-4.0,4.0,1.0,-3.0,0.25,0.05333333333333334
39.75,-2.25,0.0,1.0,1.0,,0.13333333333333333
39.75,-1.25,0.0,1.0,1.0,,0.08
39.75,-1.0,3.0,2.0,-1.0,0.6666666666666666,0.10666666666666667
39.75,-0.75,0.0,1.0,1.0,,0.10333333333333333
39.75,-0.5,0.0,1.0,1.0,,0.08666666666666667
39.75,-0.25,0.0,1.0,1.0,,0.08
39.75,2.5,0.0,1.0,1.0,,0.056666666666666664
39.75,2.75,1.0,1.0,0.0,1.0,0.08333333333333333
39.75,3.0,0.0,1.0,1.0,,0.07666666666666666
39.75,3.25,0.0,1.0,1.0,,0.05333333333333334
39.75,3.5,0.0,1.0,1.0,,0.04
40.0,-9.0,2.0,2.0,0.0,1.0,0.04
40.0,-8.75,0.0,3.0,3.0,,0.016666666666666666
40.0,-8.5,1.0,6.0,5.0,6.0,0.01
40.0,-8.25,2.0,5.0,3.0,2.5,0.013333333333333334
40.0,-8.0,0.0,3.0,3.0,,0.013333333333333334
40.0,-7.75,0.0,5.0,5.0,,0.01
40.0,-7.5,3.0,4.0,1.0,1.3333333333333333,0.006666666666666667
40.0,-7.25,0.0,1.0,1.0,,0.006666666666666667
40.0,-6.25,1.0,1.0,0.0,1.0,0.03333333333333333
40.0,-6.0,0.0,2.0,2.0,,0.03333333333333333
40.0,-5.75,1.0,2.0,1.0,2.0,0.03
40.0,-5.5,0.0,2.0,2.0,,0.03
40.0,-5.25,0.0,1.0,1.0,,0.03333333333333333
40.0,-4.75,0.0,1.0,1.0,,0.05
40.0,-4.5,0.0,1.0,1.0,,0.056666666666666664
40.0,-4.0,1.0,1.0,0.0,1.0,0.06
40.0,-3.75,4.0,1.0,-3.0,0.25,0.056666666666666664
40.0,-3.5,0.0,1.0,1.0,,0.07
40.0,-3.0,0.0,1.0,1.0,,0.10666666666666667
40.0,-2.75,1.0,0.0,-1.0,0.0,0.11666666666666667
40.0,-2.5,1.0,0.0,-1.0,0.0,0.12666666666666668
40.0,-2.25,0.0,4.0,4.0,,0.11666666666666667
40.0,-2.0,2.0,1.0,-1.0,0.5,0.10333333333333333
40.0,-1.75,0.0,1.0,1.0,,0.09333333333333334
40.0,-1.5,2.0,0.0,-2.0,0.0,0.1
40.0,-1.0,1.0,4.0,3.0,4.0,0.08666666666666667
40.0,-0.75,2.0,1.0,-1.0,0.5,0.09333333333333334
40.0,-0.5,1.0,2.0,1.0,2.0,0.09
40.0,-0.25,1.0,2.0,1.0,2.0,0.08666666666666667
40.0,-0.0,1.0,1.0,0.0,1.0,0.09
40.0,3.0,0.0,1.0,1.0,,0.05
40.0,4.0,0.0,1.0,1.0,,0.04666666666666667
40.0,4.25,0.0,1.0,1.0,,0.04666666666666667
40.25,-9.0,4.0,2.0,-2.0,0.5,0.056666666666666664
40.25,-8.75,6.0,3.0,-3.0,0.5,0.016666666666666666
40.25,-8.5,8.0,8.0,0.0,1.0,0.01
40.25,-8.25,5.0,5.0,0.0,1.0,0.013333333333333334
40.25,-8.0,2.0,8.0,6.0,4.0,0.013333333333333334
40.25,-7.75,1.0,9.0,8.0,9.0,0.016666666666666666
40.25,-7.5,4.0,6.0,2.0,1.5,0.023333333333333334
40.25,-7.25,0.0,1.0,1.0,,0.02
40.25,-7.0,0.0,2.0,2.0,,0.03333333333333333
40.25,-6.75,1.0,3.0,2.0,3.0,0.04
40.25,-6.5,0.0,2.0,2.0,,0.04
40.25,-6.25,0.0,1.0,1.0,,0.043333333333333335
40.25,-6.0,1.0,1.0,0.0,1.0,0.043333333333333335
40.25,-5.75,8.0,2.0,-6.0,0.25,0.043333333333333335
40.25,-5.5,1.0,1.0,0.0,1.0,0.05
40.25,-5.25,2.0,3.0,1.0,1.5,0.04666666666666667
40.25,-5.0,3.0,3.0,0.0,1.0,0.056666666666666664
40.25,-4.75,2.0,2.0,0.0,1.0,0.05333333333333334
40.25,-4.5,6.0,4.0,-2.0,0.6666666666666666,0.06
40.25,-4.25,1.0,1.0,0.0,1.0,0.056666666666666664
40.25,-4.0,2.0,1.0,-1.0,0.5,0.06333333333333334
40.25,-3.75,2.0,4.0,2.0,2.0,0.06
40.25,-3.5,3.0,1.0,-2.0,0.3333333333333333,0.07666666666666666
40.25,-3.25,2.0,1.0,-1.0,0.5,0.1
40.25,-3.0,0.0,1.0,1.0,,0.10666666666666667
40.25,-2.75,0.0,2.0,2.0,,0.11333333333333333
40.25,-2.0,8.0,3.0,-5.0,0.375,0.1
40.25,-1.75,8.0,3.0,-5.0,0.375,0.09666666666666666
40.25,-1.5,6.0,2.0,-4.0,0.3333333333333333,0.10333333333333333
40.25,-1.25,4.0,2.0,-2.0,0.5,0.10666666666666667
40.25,-1.0,12.0,2.0,-10.0,0.16666666666666666,0.09666666666666666
40.25,-0.75,6.0,1.0,-5.0,0.16666666666666666,0.1
40.25,-0.5,0.0,1.0,1.0,,0.1
40.25,-0.25,0.0,5.0,5.0,,0.12
40.25,-0.0,0.0,1.0,1.0,,0.09666666666666666
40.25,0.25,0.0,1.0,1.0,,0.09666666666666666
40.5,-9.0,0.0,1.0,1.0,,0.05333333333333334
40.5,-8.75,1.0,5.0,4.0,5.0,0.02666666666666667
40.5,-8.5,4.0,4.0,0.0,1.0,0.016666666666666666
40.5,-8.25,0.0,7.0,7.0,,0.013333333333333334
40.5,-8.0,0.0,2.0,2.0,,0.016666666666666666
40.5,-7.75,7.0,5.0,-2.0,0.7142857142857143,0.016666666666666666
40.5,-7.5,0.0,6.0,6.0,,0.03333333333333333
40.5,-7.25,0.0,4.0,4.0,,0.03
40.5,-7.0,0.0,2.0,2.0,,0.04666666666666667
40.5,-6.75,2.0,0.0,-2.0,0.0,0.04666666666666667
40.5,-6.5,3.0,0.0,-3.0,0.0,0.043333333333333335
40.5,-6.25,1.0,0.0,-1.0,0.0,0.04666666666666667
40.5,-6.0,4.0,3.0,-1.0,0.75,0.04666666666666667
40.5,-5.75,11.0,0.0,-11.0,0.0,0.043333333333333335
40.5,-5.5,2.0,0.0,-2.0,0.0,0.04666666666666667
40.5,-5.25,0.0,2.0,2.0,,0.056666666666666664
40.5,-5.0,6.0,2.0,-4.0,0.3333333333333333,0.06
40.5,-4.75,2.0,3.0,1.0,1.5,0.06
40.5,-4.5,3.0,3.0,0.0,1.0,0.05333333333333334
40.5,-4.25,10.0,6.0,-4.0,0.6,0.05333333333333334
40.5,-4.0,12.0,4.0,-8.0,0.3333333333333333,0.056666666666666664
40.5,-3.75,10.0,6.0,-4.0,0.6,0.08
40.5,-3.5,3.0,3.0,0.0,1.0,0.09
40.5,-3.25,1.0,1.0,0.0,1.0,0.09333333333333334
40.5,-3.0,1.0,1.0,0.0,1.0,0.11
40.5,-2.75,3.0,2.0,-1.0,0.6666666666666666,0.11333333333333333
40.5,-2.25,3.0,0.0,-3.0,0.0,0.10666666666666667
40.5,-2.0,5.0,2.0,-3.0,0.4,0.1
40.5,-1.75,10.0,5.0,-5.0,0.5,0.10333333333333333
40.5,-1.5,10.0,2.0,-8.0,0.2,0.11
40.5,-1.25,6.0,0.0,-6.0,0.0,0.11
40.5,-1.0,11.0,0.0,-11.0,0.0,0.10666666666666667
40.5,-0.75,7.0,4.0,-3.0,0.5714285714285714,0.1
40.5,-0.5,12.0,3.0,-9.0,0.25,0.11333333333333333
40.5,-0.25,4.0,7.0,3.0,1.75,0.11333333333333333
40.5,-0.0,0.0,2.0,2.0,,0.11333333333333333
40.5,0.25,0.0,2.0,2.0,,0.12
40.5,0.5,0.0,1.0,1.0,,0.09666666666666666
40.75,-8.75,0.0,3.0,3.0,,0.03333333333333333
40.75,-8.5,0.0,5.0,5.0,,0.023333333333333334
40.75,-8.25,2.0,7.0,5.0,3.5,0.016666666666666666
40.75,-8.0,0.0,5.0,5.0,,0.016666666666666666
40.75,-7.75,0.0,5.0,5.0,,0.023333333333333334
40.75,-7.5,0.0,4.0,4.0,,0.03
40.75,-7.25,0.0,1.0,1.0,,0.023333333333333334
40.75,-6.75,1.0,0.0,-1.0,0.0,0.04
40.75,-6.0,3.0,0.0,-3.0,0.0,0.043333333333333335
40.75,-4.75,4.0,2.0,-2.0,0.5,0.056666666666666664
40.75,-4.25,6.0,6.0,0.0,1.0,0.05
40.75,-4.0,12.0,10.0,-2.0,0.8333333333333334,0.056666666666666664
40.75,-3.75,8.0,7.0,-1.0,0.875,0.07666666666666666
40.75,-3.5,0.0,1.0,1.0,,0.09
40.75,-3.25,0.0,1.0,1.0,,0.09333333333333334
40.75,-2.75,2.0,2.0,0.0,1.0,0.10666666666666667
40.75,-2.5,0.0,3.0,3.0,,0.10666666666666667
40.75,-2.25,0.0,1.0,1.0,,0.09666666666666666
40.75,-2.0,8.0,1.0,-7.0,0.125,0.09333333333333334
40.75,-1.75,8.0,3.0,-5.0,0.375,0.1
40.75,-1.25,5.0,5.0,0.0,1.0,0.10666666666666667
40.75,-1.0,4.0,0.0,-4.0,0.0,0.10666666666666667
40.75,-0.75,9.0,0.0,-9.0,0.0,0.10666666666666667
40.75,-0.5,1.0,1.0,0.0,1.0,0.1
40.75,-0.25,0.0,3.0,3.0,,0.10333333333333333
40.75,-0.0,1.0,4.0,3.0,4.0,0.11666666666666667
40.75,0.25,0.0,4.0,4.0,,0.11333333333333333
40.75,0.5,0.0,1.0,1.0,,0.12
41.0,-8.75,0.0,4.0,4.0,,0.03666666666666667
41.0,-8.5,1.0,5.0,4.0,5.0,0.023333333333333334
41.0,-8.25,1.0,5.0,4.0,5.0,0.02
41.0,-8.0,0.0,4.0,4.0,,0.02
41.0,-7.75,0.0,2.0,2.0,,0.03333333333333333
41.0,-7.0,1.0,1.0,0.0,1.0,0.03333333333333333
41.0,-6.75,0.0,1.0,1.0,,0.03666666666666667
41.0,-6.0,0.0,1.0,1.0,,0.043333333333333335
41.0,-5.75,7.0,3.0,-4.0,0.42857142857142855,0.043333333333333335
41.0,-5.5,3.0,2.0,-1.0,0.6666666666666666,0.056666666666666664
41.0,-5.25,1.0,0.0,-1.0,0.0,0.056666666666666664
41.0,-4.75,0.0,1.0,1.0,,0.05
41.0,-4.5,1.0,0.0,-1.0,0.0,0.05
41.0,-4.25,1.0,2.0,1.0,2.0,0.056666666666666664
41.0,-4.0,2.0,6.0,4.0,3.0,0.06
41.0,-3.75,9.0,6.0,-3.0,0.6666666666666666,0.08333333333333333
41.0,-3.5,4.0,4.0,0.0,1.0,0.09
41.0,-3.25,1.0,1.0,0.0,1.0,0.09333333333333334
41.0,-3.0,1.0,0.0,-1.0,0.0,0.1
41.0,-2.75,2.0,1.0,-1.0,0.5,0.10666666666666667
41.0,-2.5,4.0,1.0,-3.0,0.25,0.1
41.0,-2.25,2.0,1.0,-1.0,0.5,0.09666666666666666
41.0,-2.0,0.0,1.0,1.0,,0.09333333333333334
41.0,-1.75,0.0,1.0,1.0,,0.08
41.0,-1.5,0.0,2.0,2.0,,0.08
41.0,-1.25,3.0,0.0,-3.0,0.0,0.09333333333333334
41.0,-1.0,1.0,0.0,-1.0,0.0,0.10666666666666667
41.0,-0.25,0.0,1.0,1.0,,0.10666666666666667
41.0,0.25,0.0,3.0,3.0,,0.11333333333333333
41.0,0.5,0.0,1.0,1.0,,0.12
41.0,0.75,1.0,2.0,1.0,2.0,0.11
41.0,1.0,0.0,1.0,1.0,,0.09
41.0,1.25,1.0,2.0,1.0,2.0,0.08
41.0,1.5,0.0,1.0,1.0,,0.08
41.25,-8.75,2.0,7.0,5.0,3.5,0.03666666666666667
41.25,-8.5,0.0,6.0,6.0,,0.03
41.25,-8.25,0.0,4.0,4.0,,0.023333333333333334
41.25,-8.0,1.0,4.0,3.0,4.0,0.02666666666666667
41.25,-7.75,2.0,4.0,2.0,2.0,0.03666666666666667
41.25,-7.5,0.0,2.0,2.0,,0.03333333333333333
41.25,-7.25,1.0,1.0,0.0,1.0,0.02666666666666667
41.25,-7.0,0.0,2.0,2.0,,0.02666666666666667
41.25,-6.25,1.0,0.0,-1.0,0.0,0.04666666666666667
41.25,-6.0,4.0,0.0,-4.0,0.0,0.043333333333333335
41.25,-5.75,0.0,1.0,1.0,,0.043333333333333335
41.25,-4.5,0.0,4.0,4.0,,0.056666666666666664
41.25,-4.0,6.0,0.0,-6.0,0.0,0.07
41.25,-3.75,1.0,1.0,0.0,1.0,0.08666666666666667
41.25,-3.5,9.0,6.0,-3.0,0.6666666666666666,0.09333333333333334
41.25,-3.25,2.0,2.0,0.0,1.0,0.1
41.25,-3.0,1.0,1.0,0.0,1.0,0.11333333333333333
41.25,-2.75,3.0,1.0,-2.0,0.3333333333333333,0.11333333333333333
41.25,-2.5,1.0,0.0,-1.0,0.0,0.11
41.25,-2.25,1.0,0.0,-1.0,0.0,0.1
41.25,-1.75,0.0,1.0,1.0,,0.09
41.25,-1.5,0.0,1.0,1.0,,0.08
41.25,-1.25,2.0,1.0,-1.0,0.5,0.08
41.25,0.5,0.0,1.0,1.0,,0.11333333333333333
41.25,0.75,1.0,2.0,1.0,2.0,0.11333333333333333
41.25,1.0,0.0,5.0,5.0,,0.1
41.25,1.25,1.0,2.0,1.0,2.0,0.09666666666666666
41.25,1.5,0.0,4.0,4.0,,0.09
41.25,1.75,0.0,2.0,2.0,,0.08666666666666667
41.25,2.0,1.0,5.0,4.0,5.0,0.09666666666666666
41.25,2.25,1.0,3.0,2.0,3.0,0.07666666666666666
41.5,-8.75,1.0,3.0,2.0,3.0,0.04
41.5,-8.5,1.0,4.0,3.0,4.0,0.03
41.5,-8.25,1.0,6.0,5.0,6.0,0.02666666666666667
41.5,-8.0,0.0,6.0,6.0,,0.03666666666666667
41.5,-7.75,0.0,5.0,5.0,,0.03666666666666667
41.5,-7.5,0.0,1.0,1.0,,0.05
41.5,-7.25,0.0,2.0,2.0,,0.03666666666666667
41.5,-7.0,0.0,2.0,2.0,,0.03666666666666667
41.5,-6.75,0.0,2.0,2.0,,0.03666666666666667
41.5,-6.5,0.0,2.0,2.0,,0.04666666666666667
41.5,-6.25,0.0,1.0,1.0,,0.04666666666666667
41.5,-6.0,1.0,0.0,-1.0,0.0,0.043333333333333335
41.5,-5.75,0.0,0.0,0.0,,0.04666666666666667
41.5,-5.25,2.0,0.0,-2.0,0.0,0.05333333333333334
41.5,-4.75,1.0,1.0,0.0,1.0,0.07
41.5,-4.5,2.0,1.0,-1.0,0.5,0.08
41.5,-4.25,1.0,0.0,-1.0,0.0,0.09333333333333334
41.5,-4.0,1.0,0.0,-1.0,0.0,0.09333333333333334
41.5,-3.75,2.0,0.0,-2.0,0.0,0.09333333333333334
41.5,-3.5,0.0,1.0,1.0,,0.09333333333333334
41.5,-3.25,0.0,5.0,5.0,,0.10666666666666667
41.5,-2.75,0.0,1.0,1.0,,0.12333333333333334
41.5,-2.5,0.0,2.0,2.0,,0.12
41.5,-1.0,1.0,1.0,0.0,1.0,0.08666666666666667
41.5,-0.5,2.0,0.0,-2.0,0.0,0.1
41.5,-0.25,0.0,1.0,1.0,,0.10666666666666667
41.5,-0.0,0.0,1.0,1.0,,0.11333333333333333
41.5,0.25,0.0,1.0,1.0,,0.11
41.5,0.5,2.0,1.0,-1.0,0.5,0.11
41.5,0.75,0.0,2.0,2.0,,0.11333333333333333
41.5,1.0,0.0,2.0,2.0,,0.12
41.5,1.25,3.0,3.0,0.0,1.0,0.12
41.5,1.5,1.0,3.0,2.0,3.0,0.11666666666666667
41.5,1.75,4.0,5.0,1.0,1.25,0.10666666666666667
41.5,2.0,5.0,5.0,0.0,1.0,0.10333333333333333
41.5,2.25,7.0,7.0,0.0,1.0,0.09333333333333334
41.5,2.5,4.0,3.0,-1.0,0.75,0.07333333333333333
41.5,2.75,1.0,1.0,0.0,1.0,0.07
41.75,-9.0,0.0,2.0,2.0,,0.043333333333333335
41.75,-8.75,3.0,3.0,0.0,1.0,0.03666666666666667
41.75,-8.5,0.0,2.0,2.0,,0.03
41.75,-8.25,4.0,8.0,4.0,2.0,0.03
41.75,-8.0,2.0,9.0,7.0,4.5,0.03
41.75,-7.75,1.0,4.0,3.0,4.0,0.043333333333333335
41.75,-7.5,0.0,3.0,3.0,,0.06
41.75,-7.25,0.0,2.0,2.0,,0.06
41.75,-7.0,0.0,2.0,2.0,,0.06
41.75,-6.75,0.0,5.0,5.0,,0.06
41.75,-6.0,1.0,0.0,-1.0,0.0,0.056666666666666664
41.75,-4.75,1.0,1.0,0.0,1.0,0.08
41.75,-4.5,1.0,1.0,0.0,1.0,0.09333333333333334
41.75,-4.25,0.0,4.0,4.0,,0.08666666666666667
41.75,-4.0,0.0,1.0,1.0,,0.09
41.75,-3.0,2.0,2.0,0.0,1.0,0.11333333333333333
41.75,-2.75,4.0,1.0,-3.0,0.25,0.12333333333333334
41.75,-2.5,3.0,1.0,-2.0,0.3333333333333333,0.12
41.75,-2.25,3.0,1.0,-2.0,0.3333333333333333,0.11666666666666667
41.75,-2.0,4.0,0.0,-4.0,0.0,0.11333333333333333
41.75,-1.75,10.0,9.0,-1.0,0.9,0.10666666666666667
41.75,-1.5,2.0,3.0,1.0,1.5,0.09666666666666666
41.75,-1.0,5.0,1.0,-4.0,0.2,0.09666666666666666
41.75,-0.75,0.0,1.0,1.0,,0.10333333333333333
41.75,-0.5,0.0,1.0,1.0,,0.10666666666666667
41.75,0.5,1.0,0.0,-1.0,0.0,0.12
41.75,0.75,2.0,0.0,-2.0,0.0,0.11
41.75,1.0,0.0,3.0,3.0,,0.11
41.75,1.25,0.0,1.0,1.0,,0.11
41.75,1.5,0.0,1.0,1.0,,0.10333333333333333
41.75,1.75,1.0,4.0,3.0,4.0,0.10333333333333333
41.75,2.0,3.0,6.0,3.0,2.0,0.09666666666666666
41.75,2.25,4.0,8.0,4.0,2.0,0.1
41.75,2.5,6.0,7.0,1.0,1.1666666666666667,0.08666666666666667
41.75,2.75,6.0,5.0,-1.0,0.8333333333333334,0.09
41.75,3.0,3.0,3.0,0.0,1.0,0.08333333333333333
41.75,3.25,0.0,1.0,1.0,,0.07
42.0,-9.0,0.0,2.0,2.0,,0.06666666666666667
42.0,-8.75,3.0,7.0,4.0,2.3333333333333335,0.04
42.0,-8.5,0.0,4.0,4.0,,0.03333333333333333
42.0,-8.25,1.0,5.0,4.0,5.0,0.03
42.0,-8.0,0.0,4.0,4.0,,0.03333333333333333
42.0,-7.75,0.0,1.0,1.0,,0.043333333333333335
42.0,-7.5,0.0,2.0,2.0,,0.05
42.0,-7.25,1.0,3.0,2.0,3.0,0.05333333333333334
42.0,-7.0,3.0,4.0,1.0,1.3333333333333333,0.05333333333333334
42.0,-6.75,0.0,5.0,5.0,,0.05
42.0,-6.5,1.0,1.0,0.0,1.0,0.06
42.0,-6.0,1.0,2.0,1.0,2.0,0.06666666666666667
42.0,-5.75,4.0,0.0,-4.0,0.0,0.06666666666666667
42.0,-5.0,1.0,0.0,-1.0,0.0,0.07666666666666666
42.0,-4.5,0.0,4.0,4.0,,0.09333333333333334
42.0,-4.25,0.0,2.0,2.0,,0.08333333333333333
42.0,-4.0,1.0,1.0,0.0,1.0,0.09333333333333334
42.0,-3.75,1.0,0.0,-1.0,0.0,0.09666666666666666
42.0,-3.5,0.0,1.0,1.0,,0.1
42.0,-3.25,0.0,1.0,1.0,,0.1
42.0,-3.0,3.0,4.0,1.0,1.3333333333333333,0.09666666666666666
42.0,-2.75,3.0,5.0,2.0,1.6666666666666667,0.09666666666666666
42.0,-2.5,4.0,2.0,-2.0,0.5,0.10333333333333333
42.0,-1.75,1.0,1.0,0.0,1.0,0.1
42.0,-1.0,0.0,1.0,1.0,,0.10333333333333333
42.0,-0.5,1.0,0.0,-1.0,0.0,0.11666666666666667
42.0,-0.25,0.0,1.0,1.0,,0.12666666666666668
42.0,-0.0,0.0,1.0,1.0,,0.14333333333333334
42.0,0.25,1.0,1.0,0.0,1.0,0.15
42.0,0.5,1.0,1.0,0.0,1.0,0.14333333333333334
42.0,0.75,0.0,5.0,5.0,,0.13333333333333333
42.0,1.0,2.0,5.0,3.0,2.5,0.12666666666666668
42.0,1.25,0.0,2.0,2.0,,0.10666666666666667
42.0,1.5,0.0,3.0,3.0,,0.1
42.0,1.75,0.0,6.0,6.0,,0.11
42.0,2.0,1.0,8.0,7.0,8.0,0.10666666666666667
42.0,2.25,3.0,8.0,5.0,2.6666666666666665,0.10333333333333333
42.0,2.5,0.0,5.0,5.0,,0.09333333333333334
42.0,2.75,1.0,11.0,10.0,11.0,0.07666666666666666
42.0,3.0,2.0,3.0,1.0,1.5,0.07333333333333333
42.0,3.25,2.0,3.0,1.0,1.5,0.07
42.25,-9.0,0.0,2.0,2.0,,0.04666666666666667
42.25,-8.75,5.0,5.0,0.0,1.0,0.05333333333333334
42.25,-8.5,5.0,4.0,-1.0,0.8,0.04
42.25,-8.25,2.0,1.0,-1.0,0.5,0.03666666666666667
42.25,-8.0,0.0,1.0,1.0,,0.04
42.25,-7.75,1.0,3.0,2.0,3.0,0.05
42.25,-7.5,0.0,4.0,4.0,,0.04666666666666667
42.25,-7.25,1.0,2.0,1.0,2.0,0.05
42.25,-7.0,0.0,1.0,1.0,,0.05
42.25,-6.75,0.0,3.0,3.0,,0.06333333333333334
42.25,-6.0,0.0,1.0,1.0,,0.08
42.25,-5.5,0.0,2.0,2.0,,0.07333333333333333
42.25,-5.25,0.0,1.0,1.0,,0.08
42.25,-4.25,1.0,2.0,1.0,2.0,0.09666666666666666
42.25,-4.0,1.0,7.0,6.0,7.0,0.1
42.25,-3.75,3.0,6.0,3.0,2.0,0.08666666666666667
42.25,-3.5,4.0,3.0,-1.0,0.75,0.08333333333333333
42.25,-3.25,0.0,3.0,3.0,,0.07666666666666666
42.25,-3.0,3.0,5.0,2.0,1.6666666666666667,0.07666666666666666
42.25,-2.75,6.0,4.0,-2.0,0.6666666666666666,0.08
42.25,-2.5,3.0,2.0,-1.0,0.6666666666666666,0.10666666666666667
42.25,-2.25,0.0,2.0,2.0,,0.10666666666666667
42.25,-2.0,1.0,1.0,0.0,1.0,0.10333333333333333
42.25,-1.75,0.0,1.0,1.0,,0.11
42.25,-1.5,0.0,1.0,1.0,,0.11
42.25,-1.0,2.0,0.0,-2.0,0.0,0.12
42.25,-0.75,4.0,2.0,-2.0,0.5,0.12333333333333334
42.25,-0.5,4.0,2.0,-2.0,0.5,0.12333333333333334
42.25,-0.25,4.0,3.0,-1.0,0.75,0.13333333333333333
42.25,-0.0,0.0,1.0,1.0,,0.12666666666666668
42.25,0.25,1.0,3.0,2.0,3.0,0.12666666666666668
42.25,0.5,0.0,2.0,2.0,,0.12333333333333334
42.25,0.75,0.0,3.0,3.0,,0.12333333333333334
42.25,1.0,1.0,4.0,3.0,4.0,0.13333333333333333
42.25,1.25,2.0,4.0,2.0,2.0,0.12
42.25,1.5,1.0,4.0,3.0,4.0,0.11
42.25,1.75,6.0,12.0,6.0,2.0,0.11333333333333333
42.25,2.0,17.0,20.0,3.0,1.1764705882352942,0.09666666666666666
42.25,2.25,16.0,15.0,-1.0,0.9375,0.08666666666666667
42.25,2.5,7.0,8.0,1.0,1.1428571428571428,0.08666666666666667
42.25,2.75,3.0,8.0,5.0,2.6666666666666665,0.06333333333333334
42.25,3.0,1.0,4.0,3.0,4.0,0.06
42.25,3.25,1.0,1.0,0.0,1.0,0.07333333333333333
42.5,-9.0,1.0,2.0,1.0,2.0,0.04666666666666667
42.5,-8.75,5.0,5.0,0.0,1.0,0.043333333333333335
42.5,-8.5,2.0,3.0,1.0,1.5,0.043333333333333335
42.5,-8.25,0.0,7.0,7.0,,0.043333333333333335
42.5,-8.0,6.0,0.0,-6.0,0.0,0.043333333333333335
42.5,-7.75,0.0,2.0,2.0,,0.05
42.5,-7.5,0.0,2.0,2.0,,0.05
42.5,-7.25,0.0,2.0,2.0,,0.04666666666666667
42.5,-7.0,0.0,6.0,6.0,,0.04666666666666667
42.5,-6.75,1.0,4.0,3.0,4.0,0.05333333333333334
42.5,-6.5,3.0,4.0,1.0,1.3333333333333333,0.06666666666666667
42.5,-6.25,1.0,1.0,0.0,1.0,0.08333333333333333
42.5,-6.0,0.0,2.0,2.0,,0.08333333333333333
42.5,-5.75,1.0,2.0,1.0,2.0,0.08333333333333333
42.5,-5.5,0.0,2.0,2.0,,0.08333333333333333
42.5,-5.25,1.0,1.0,0.0,1.0,0.09
42.5,-4.75,1.0,1.0,0.0,1.0,0.08666666666666667
42.5,-4.5,0.0,9.0,9.0,,0.09
42.5,-4.25,0.0,3.0,3.0,,0.09333333333333334
42.5,-4.0,1.0,1.0,0.0,1.0,0.08333333333333333
42.5,-3.75,7.0,2.0,-5.0,0.2857142857142857,0.08333333333333333
42.5,-3.5,0.0,2.0,2.0,,0.08666666666666667
42.5,-3.25,1.0,3.0,2.0,3.0,0.08666666666666667
42.5,-3.0,1.0,2.0,1.0,2.0,0.08333333333333333
42.5,-2.75,2.0,3.0,1.0,1.5,0.08333333333333333
42.5,-2.5,0.0,3.0,3.0,,0.09333333333333334
42.5,-2.25,0.0,1.0,1.0,,0.09
42.5,-2.0,0.0,1.0,1.0,,0.09
42.5,-1.75,0.0,1.0,1.0,,0.08
42.5,-1.5,0.0,1.0,1.0,,0.09
42.5,-1.25,0.0,2.0,2.0,,0.09666666666666666
42.5,-1.0,6.0,0.0,-6.0,0.0,0.11333333333333333
42.5,-0.75,7.0,2.0,-5.0,0.2857142857142857,0.11333333333333333
42.5,-0.5,11.0,3.0,-8.0,0.2727272727272727,0.1
42.5,-0.25,2.0,4.0,2.0,2.0,0.10666666666666667
42.5,-0.0,8.0,6.0,-2.0,0.75,0.11
42.5,0.25,7.0,8.0,1.0,1.1428571428571428,0.11333333333333333
42.5,0.5,17.0,10.0,-7.0,0.5882352941176471,0.10666666666666667
42.5,0.75,20.0,11.0,-9.0,0.55,0.09
42.5,1.0,13.0,16.0,3.0,1.2307692307692308,0.09
42.5,1.25,11.0,6.0,-5.0,0.5454545454545454,0.07666666666666666
42.5,1.5,0.0,2.0,2.0,,0.06333333333333334
42.5,1.75,16.0,7.0,-9.0,0.4375,0.06333333333333334
42.5,2.0,0.0,3.0,3.0,,0.07666666666666666
42.5,2.25,17.0,17.0,0.0,1.0,0.07
42.5,2.5,0.0,1.0,1.0,,0.07
42.5,2.75,0.0,4.0,4.0,,0.06
42.5,3.0,1.0,3.0,2.0,3.0,0.06333333333333334
42.5,3.25,3.0,0.0,-3.0,0.0,0.07333333333333333
42.75,-9.25,2.0,0.0,-2.0,0.0,0.04
42.75,-9.0,6.0,2.0,-4.0,0.3333333333333333,0.05
42.75,-8.75,0.0,4.0,4.0,,0.05
42.75,-8.5,3.0,4.0,1.0,1.3333333333333333,0.04
42.75,-8.25,0.0,3.0,3.0,,0.04
42.75,-8.0,0.0,3.0,3.0,,0.03666666666666667
42.75,-7.75,0.0,2.0,2.0,,0.04
42.75,-7.5,0.0,1.0,1.0,,0.043333333333333335
42.75,-7.25,0.0,7.0,7.0,,0.03666666666666667
42.75,-7.0,2.0,7.0,5.0,3.5,0.043333333333333335
42.75,-6.75,13.0,6.0,-7.0,0.46153846153846156,0.04666666666666667
42.75,-6.5,0.0,6.0,6.0,,0.05
42.75,-6.25,2.0,3.0,1.0,1.5,0.06
42.75,-6.0,0.0,2.0,2.0,,0.07333333333333333
42.75,-5.75,0.0,5.0,5.0,,0.08666666666666667
42.75,-5.5,4.0,3.0,-1.0,0.75,0.08333333333333333
42.75,-5.25,0.0,5.0,5.0,,0.08666666666666667
42.75,-5.0,0.0,2.0,2.0,,0.07
42.75,-4.75,0.0,4.0,4.0,,0.06333333333333334
42.75,-4.5,1.0,3.0,2.0,3.0,0.07
42.75,-4.25,2.0,6.0,4.0,3.0,0.07666666666666666
42.75,-4.0,0.0,4.0,4.0,,0.09
42.75,-3.75,6.0,4.0,-2.0,0.6666666666666666,0.09
42.75,-3.5,0.0,4.0,4.0,,0.08
42.75,-3.25,0.0,4.0,4.0,,0.07333333333333333
42.75,-3.0,0.0,7.0,7.0,,0.06333333333333334
42.75,-2.75,2.0,11.0,9.0,5.5,0.06
42.75,-2.5,0.0,7.0,7.0,,0.05
42.75,-2.25,0.0,3.0,3.0,,0.04666666666666667
42.75,-2.0,0.0,3.0,3.0,,0.05
42.75,-1.75,2.0,7.0,5.0,3.5,0.05
42.75,-1.5,4.0,7.0,3.0,1.75,0.06
42.75,-1.25,4.0,3.0,-1.0,0.75,0.06666666666666667
42.75,-1.0,8.0,5.0,-3.0,0.625,0.09333333333333334
42.75,-0.75,14.0,11.0,-3.0,0.7857142857142857,0.09
42.75,-0.5,21.0,11.0,-10.0,0.5238095238095238,0.08333333333333333
42.75,-0.25,25.0,15.0,-10.0,0.6,0.08
42.75,-0.0,14.0,15.0,1.0,1.0714285714285714,0.08333333333333333
42.75,0.25,15.0,10.0,-5.0,0.6666666666666666,0.08666666666666667
42.75,0.5,3.0,11.0,8.0,3.6666666666666665,0.08333333333333333
42.75,0.75,17.0,10.0,-7.0,0.5882352941176471,0.09333333333333334
42.75,1.0,15.0,10.0,-5.0,0.6666666666666666,0.09
42.75,1.25,0.0,3.0,3.0,,0.08666666666666667
42.75,1.5,0.0,1.0,1.0,,0.08666666666666667
43.0,-9.25,2.0,1.0,-1.0,0.5,0.03333333333333333
43.0,-9.0,0.0,1.0,1.0,,0.05
43.0,-8.75,0.0,1.0,1.0,,0.05333333333333334
43.0,-8.5,0.0,2.0,2.0,,0.05
43.0,-8.25,0.0,3.0,3.0,,0.043333333333333335
43.0,-8.0,0.0,1.0,1.0,,0.03666666666666667
43.0,-7.75,0.0,4.0,4.0,,0.04
43.0,-7.5,0.0,2.0,2.0,,0.04
43.0,-7.25,0.0,1.0,1.0,,0.043333333333333335
43.0,-7.0,0.0,5.0,5.0,,0.04
43.0,-6.75,0.0,6.0,6.0,,0.043333333333333335
43.0,-6.5,1.0,15.0,14.0,15.0,0.043333333333333335
43.0,-6.25,7.0,21.0,14.0,3.0,0.05
43.0,-6.0,6.0,25.0,19.0,4.166666666666667,0.05333333333333334
43.0,-5.75,14.0,15.0,1.0,1.0714285714285714,0.05333333333333334
43.0,-5.5,0.0,13.0,13.0,,0.06666666666666667
43.0,-5.25,16.0,19.0,3.0,1.1875,0.06666666666666667
43.0,-5.0,18.0,7.0,-11.0,0.3888888888888889,0.06666666666666667
43.0,-4.75,19.0,14.0,-5.0,0.7368421052631579,0.06333333333333334
43.0,-4.5,12.0,19.0,7.0,1.5833333333333333,0.056666666666666664
43.0,-4.25,11.0,12.0,1.0,1.0909090909090908,0.05333333333333334
43.0,-4.0,12.0,9.0,-3.0,0.75,0.06
43.0,-3.75,0.0,2.0,2.0,,0.05333333333333334
43.0,-3.5,7.0,5.0,-2.0,0.7142857142857143,0.05333333333333334
43.0,-3.25,0.0,2.0,2.0,,0.043333333333333335
43.0,-3.0,0.0,6.0,6.0,,0.043333333333333335
43.0,-2.75,8.0,5.0,-3.0,0.625,0.05
43.0,-2.5,3.0,4.0,1.0,1.3333333333333333,0.04
43.0,-2.25,0.0,5.0,5.0,,0.03333333333333333
43.0,-2.0,0.0,8.0,8.0,,0.03
43.0,-1.75,0.0,5.0,5.0,,0.03666666666666667
43.0,-1.5,0.0,7.0,7.0,,0.043333333333333335
43.0,-1.25,7.0,3.0,-4.0,0.42857142857142855,0.06333333333333334
43.0,-1.0,5.0,6.0,1.0,1.2,0.07
43.0,-0.75,23.0,6.0,-17.0,0.2608695652173913,0.08
43.25,-9.0,4.0,2.0,-2.0,0.5,0.043333333333333335
43.25,-8.75,0.0,2.0,2.0,,0.056666666666666664
43.25,-8.5,5.0,3.0,-2.0,0.6,0.07666666666666666
43.25,-8.25,2.0,4.0,2.0,2.0,0.056666666666666664
43.25,-8.0,6.0,3.0,-3.0,0.5,0.043333333333333335
43.25,-7.75,2.0,5.0,3.0,2.5,0.04
43.25,-7.5,0.0,4.0,4.0,,0.04666666666666667
43.25,-7.25,0.0,3.0,3.0,,0.04666666666666667
43.25,-7.0,0.0,7.0,7.0,,0.05
43.25,-6.75,1.0,1.0,0.0,1.0,0.05
43.25,-6.5,2.0,4.0,2.0,2.0,0.05333333333333334
43.25,-6.25,0.0,10.0,10.0,,0.05333333333333334
43.25,-6.0,2.0,13.0,11.0,6.5,0.056666666666666664
43.25,-5.75,7.0,9.0,2.0,1.2857142857142858,0.05333333333333334
43.25,-5.5,3.0,6.0,3.0,2.0,0.05333333333333334
43.25,-5.25,0.0,6.0,6.0,,0.05
43.25,-5.0,15.0,13.0,-2.0,0.8666666666666667,0.04666666666666667
43.25,-4.75,10.0,15.0,5.0,1.5,0.05
43.25,-4.5,5.0,4.0,-1.0,0.8,0.05333333333333334
43.25,-4.25,1.0,7.0,6.0,7.0,0.04666666666666667
43.25,-4.0,4.0,6.0,2.0,1.5,0.03
43.25,-3.75,1.0,4.0,3.0,4.0,0.02666666666666667
43.25,-3.5,1.0,3.0,2.0,3.0,0.02666666666666667
43.25,-3.25,0.0,2.0,2.0,,0.056666666666666664
43.25,-3.0,9.0,9.0,0.0,1.0,0.05333333333333334
43.25,-2.75,1.0,4.0,3.0,4.0,0.05333333333333334
43.25,-2.5,3.0,5.0,2.0,1.6666666666666667,0.06333333333333334
43.25,-2.25,1.0,3.0,2.0,3.0,0.06
43.25,-2.0,1.0,4.0,3.0,4.0,0.04666666666666667
43.25,-1.75,0.0,7.0,7.0,,0.04
43.25,-1.5,0.0,3.0,3.0,,0.043333333333333335
43.5,-8.5,0.0,3.0,3.0,,0.056666666666666664
43.5,-8.25,0.0,5.0,5.0,,0.06666666666666667
43.5,-8.0,0.0,3.0,3.0,,0.07
43.5,-7.75,0.0,2.0,2.0,,0.06666666666666667
43.5,-7.25,0.0,4.0,4.0,,0.08666666666666667
43.5,-7.0,3.0,9.0,6.0,3.0,0.09
43.5,-6.75,1.0,4.0,3.0,4.0,0.08333333333333333
43.5,-6.5,3.0,3.0,0.0,1.0,0.08
43.5,-6.25,1.0,10.0,9.0,10.0,0.07
43.5,-6.0,5.0,11.0,6.0,2.2,0.06666666666666667
43.5,-5.75,5.0,9.0,4.0,1.8,0.06333333333333334
43.5,-5.5,1.0,10.0,9.0,10.0,0.056666666666666664
43.5,-5.25,2.0,6.0,4.0,3.0,0.06333333333333334
43.5,-5.0,0.0,6.0,6.0,,0.07666666666666666
43.5,-4.75,0.0,4.0,4.0,,0.08666666666666667
43.5,-4.5,1.0,2.0,1.0,2.0,0.06666666666666667
43.5,-4.25,0.0,4.0,4.0,,0.07666666666666666
43.5,-4.0,6.0,5.0,-1.0,0.8333333333333334,0.06666666666666667
43.5,-3.75,3.0,5.0,2.0,1.6666666666666667,0.06333333333333334
43.5,-3.5,4.0,4.0,0.0,1.0,0.06333333333333334
43.5,-3.25,4.0,1.0,-3.0,0.25,0.08
43.5,-3.0,1.0,2.0,1.0,2.0,0.06666666666666667
43.5,-2.75,1.0,5.0,4.0,5.0,0.06333333333333334
43.5,-2.5,0.0,1.0,1.0,,0.06
43.5,-1.75,2.0,2.0,0.0,1.0,0.06333333333333334
43.75,-8.0,1.0,2.0,1.0,2.0,0.09
43.75,-7.75,1.0,1.0,0.0,1.0,0.1
43.75,-7.5,0.0,2.0,2.0,,0.11
43.75,-6.0,0.0,1.0,1.0,,0.08
43.75,-5.75,0.0,6.0,6.0,,0.08
